Board,Division,ReportingUnit,ReportingSpecialty,SubSpecialty,Specialty
Cancer & Surgery Board,Gastrointestinal,Gastrointestinal Medicine,PAEDIATRIC GASTROENTEROLOGY,Gastroenterology - Adolescent,paediatric
Cancer & Surgery Board,Gastrointestinal,Gastrointestinal Medicine,GASTROENTEROLOGY,Gastroenterology - General,medical
Cancer & Surgery Board,Gastrointestinal,Gastrointestinal Medicine,GASTROENTEROLOGY,Gastroenterology - Endoscopy,medical
Cancer & Surgery Board,Gastrointestinal,Gastrointestinal Medicine,GASTROENTEROLOGY,Gastroenterology - Pancreatobiliary,medical
Cancer & Surgery Board,Gastrointestinal,Gastrointestinal Medicine,GASTROENTEROLOGY,Gastroenterology - Upper GI,medical
Cancer & Surgery Board,Gastrointestinal,Gastrointestinal Medicine,GASTROENTEROLOGY,Gastroenterology - Colorectal Medicine,medical
Cancer & Surgery Board,Gastrointestinal,Gastrointestinal Medicine,GASTROENTEROLOGY,Gastroenterology - Nutrition,medical
Cancer & Surgery Board,Gastrointestinal,Gastrointestinal Medicine,GASTROENTEROLOGY,Gastroenterology - Intestinal Failure,medical
Cancer & Surgery Board,Gastrointestinal,Gastrointestinal Medicine,GASTROENTEROLOGY,Gastroenterology - Hepatology,medical
Cancer & Surgery Board,Gastrointestinal,Gastrointestinal Medicine,GASTROENTEROLOGY,Gastroenterology - Bowel Screening,medical
Cancer & Surgery Board,Gastrointestinal,Gastrointestinal Medicine,GASTROENTEROLOGY,Gastroenterology - GI Physiology,medical
Cancer & Surgery Board,Gastrointestinal,Gastrointestinal Medicine,NEUROLOGY,Gastroenterology - Neurology,medical
Cancer & Surgery Board,Gastrointestinal,Gastrointestinal Medicine,GASTROENTEROLOGY,Gastroenterology - Viral Hepatitis,medical
Specialist Hospitals Board,Women's Health,Maternity,MIDWIFERY SERVICE,Maternity - Postnatal,surgical
Specialist Hospitals Board,Women's Health,Maternity,MIDWIFERY SERVICE,Maternity - Antenatal,surgical
Specialist Hospitals Board,Women's Health,Maternity,WELL BABIES,Maternity - Well Baby,surgical
Cancer & Surgery Board,Cancer Services,Oncology,CLINICAL ONCOLOGY,Oncology - Paediatric Radiotherapy,paediatric
Cancer & Surgery Board,Surgical Specialties,Urology,UROLOGY,Urology - Adolescent,paediatric
Medicine Board,Infection,Infection,PAEDIATRIC INFECTIOUS DISEASES,Infectious Diseases - Paediatric COVID-19 Medicines Delivery,paediatric
Medicine Board,Medical Specialties,Dermatology,PAEDIATRIC DERMATOLOGY,Dermatology – General Paediatrics,paediatric
Medicine Board,Medical Specialties,Rheumatology,RHEUMATOLOGY,Rheumatology - Adolescent,paediatric
Specialist Hospitals Board,Paed and Adolescent,General Paediatrics,PAEDIATRIC ENDOCRINOLOGY,Adolescent - TRACCS,paediatric
Specialist Hospitals Board,Paed and Adolescent,General Paediatrics,CHILD and ADOLESCENT PSYCHIATRY,Paediatric - Paediatric and Adolescent Psychological Medicine,paediatric
Specialist Hospitals Board,Paed and Adolescent,General Paediatrics,GENERAL MEDICINE,Adolescent - Medicine,paediatric
Specialist Hospitals Board,RNENT & EDH,Cochlear Implants,PAEDIATRIC EAR NOSE AND THROAT,Auditory Implants - Paediatrics,paediatric
Specialist Hospitals Board,Women's Health,Gynaecology,PAEDIATRICS,Gynaecology - Adolescent,paediatric
Specialist Hospitals Board,Queen Square,Neurosurgery,NEUROSURGERY,Neurosurgery - General Cranial,medical
Specialist Hospitals Board,Queen Square,Neurosurgery,NEUROSURGERY,Neurosurgery - Spine,medical
Specialist Hospitals Board,Queen Square,Neurosurgery,NEUROSURGERY,Neurosurgery - Complex Spine,medical
Specialist Hospitals Board,Queen Square,Neurosurgery,NEUROSURGERY,Neurosurgery - Vascular,medical
Specialist Hospitals Board,Queen Square,Neurosurgery,INTERVENTIONAL RADIOLOGY,Interventional Radiology - INR,medical
Specialist Hospitals Board,Queen Square,Neurosurgery,NEUROSURGERY,Neurosurgery - Hydrocephalus,medical
Specialist Hospitals Board,Queen Square,Neurosurgery,NEUROSURGERY,Neurosurgery - Oncology,medical
Specialist Hospitals Board,Queen Square,Neurosurgery,NEUROSURGERY,Neurosurgery - Simple Spine,medical
Specialist Hospitals Board,Queen Square,Neurosurgery,NEUROSURGERY,Neurosurgery - Pre-Assessment,medical
Specialist Hospitals Board,Queen Square,Neurosurgery,NEUROSURGERY,Neurosurgery - Pituitary,medical
Specialist Hospitals Board,Queen Square,Neurosurgery,NEUROSURGERY,Neurosurgery - Skull Base,medical
Specialist Hospitals Board,Queen Square,Neurosurgery,NEUROSURGERY,Neurosurgery - ENT,medical
Specialist Hospitals Board,Queen Square,Neurosurgery,NEUROSURGERY,Neurosurgery - Facial Pain,medical
Cancer & Surgery Board,Cancer Services,Haematology,CLINICAL HAEMATOLOGY,Haematology - Lymphoma,haem/onc
Cancer & Surgery Board,Cancer Services,Haematology,CLINICAL HAEMATOLOGY,Haematology - Myeloma,haem/onc
Cancer & Surgery Board,Cancer Services,Haematology,CLINICAL HAEMATOLOGY,Haematology - Leukaemia / CLL / AML,haem/onc
Cancer & Surgery Board,Cancer Services,Haematology,CLINICAL HAEMATOLOGY,Haematology - Sickle Cell & Thalassemia,haem/onc
Cancer & Surgery Board,Cancer Services,Haematology,CLINICAL HAEMATOLOGY,Haematology - Diagnostic,haem/onc
Cancer & Surgery Board,Cancer Services,Haematology,BLOOD AND MARROW TRANSPLANTATION,Haematology - BMT - General,haem/onc
Cancer & Surgery Board,Cancer Services,Haematology,BLOOD AND MARROW TRANSPLANTATION,Haematology - BMT - Treatment,haem/onc
Cancer & Surgery Board,Cancer Services,Haematology,CLINICAL HAEMATOLOGY,Haematology - Leukaemia / AML,haem/onc
Cancer & Surgery Board,Cancer Services,Haematology,CLINICAL HAEMATOLOGY,Haematology - CAR-T Adults,haem/onc
Cancer & Surgery Board,Cancer Services,Haematology,CLINICAL HAEMATOLOGY,Haematology - TTP,haem/onc
Cancer & Surgery Board,Cancer Services,Haematology,CLINICAL HAEMATOLOGY,Haematology - Red Cell,haem/onc
Cancer & Surgery Board,Cancer Services,Haematology,CLINICAL HAEMATOLOGY,Haematology - AMYLOID,haem/onc
Cancer & Surgery Board,Cancer Services,Haematology,CLINICAL HAEMATOLOGY,Haematology - High Dose Chemotherapy,haem/onc
Cancer & Surgery Board,Cancer Services,Haematology,CLINICAL HAEMATOLOGY,Haematology - ITP,haem/onc
Cancer & Surgery Board,Cancer Services,Haematology,CLINICAL HAEMATOLOGY,Haematology - CLL,haem/onc
Cancer & Surgery Board,Cancer Services,Haematology,BLOOD AND MARROW TRANSPLANTATION,Haematology - BMT - AN Harvest,haem/onc
Cancer & Surgery Board,Cancer Services,Haematology,CLINICAL HAEMATOLOGY,Haematology - WM/POEMS,haem/onc
Cancer & Surgery Board,Cancer Services,Haematology,CLINICAL HAEMATOLOGY,Haematology - Cancer VTE,haem/onc
Cancer & Surgery Board,Cancer Services,Haematology,CLINICAL HAEMATOLOGY,Haematology - APS (Antiphospholipid Syndrome),haem/onc
Cancer & Surgery Board,Cancer Services,Haematology,CLINICAL HAEMATOLOGY,Haematology - Bleeding Disorders,haem/onc
Cancer & Surgery Board,Cancer Services,Haematology,CLINICAL HAEMATOLOGY,Haematology - MPN,haem/onc
Cancer & Surgery Board,Cancer Services,Haematology,CLINICAL HAEMATOLOGY,Haematology - Obstetric Haemostasis and Thrombosis,haem/onc
Cancer & Surgery Board,Cancer Services,Oncology,MEDICAL ONCOLOGY,Oncology - GI - Medical,haem/onc
Cancer & Surgery Board,Cancer Services,Oncology,MEDICAL ONCOLOGY,Oncology - Acute Oncology Service,haem/onc
Cancer & Surgery Board,Cancer Services,Oncology,MEDICAL ONCOLOGY,Oncology - Sarcoma - Medical,haem/onc
Cancer & Surgery Board,Cancer Services,Oncology,MEDICAL ONCOLOGY,Oncology - Gynae - Medical,haem/onc
Cancer & Surgery Board,Cancer Services,Oncology,MEDICAL ONCOLOGY,Oncology - Lung - Medical,haem/onc
Cancer & Surgery Board,Cancer Services,Oncology,INTERVENTIONAL RADIOLOGY,Oncology - Interventional Oncology Service,haem/onc
Cancer & Surgery Board,Cancer Services,Oncology,MEDICAL ONCOLOGY,Oncology - Urology - Medical,haem/onc
Cancer & Surgery Board,Cancer Services,Oncology,MEDICAL ONCOLOGY,Oncology - Breast - Medical,haem/onc
Cancer & Surgery Board,Cancer Services,Oncology,MEDICAL ONCOLOGY,Oncology - Thyroid,haem/onc
Cancer & Surgery Board,Cancer Services,Oncology,MEDICAL ONCOLOGY,Oncology - Sarcoma - TYA,haem/onc
Cancer & Surgery Board,Cancer Services,Oncology,MEDICAL ONCOLOGY,Oncology - Head and Neck - Medical,haem/onc
Cancer & Surgery Board,Cancer Services,Oncology,MEDICAL ONCOLOGY,Oncology - Neuro - Medical,haem/onc
Cancer & Surgery Board,Cancer Services,Oncology,CLINICAL ONCOLOGY,Oncology - Sarcoma - Clinical,haem/onc
Cancer & Surgery Board,Cancer Services,Oncology,CLINICAL ONCOLOGY,Oncology - Gynae - Clinical,haem/onc
Cancer & Surgery Board,Cancer Services,Oncology,PALLIATIVE MEDICINE,Oncology - Enhanced Supportive Care,haem/onc
Cancer & Surgery Board,Cancer Services,Oncology,CLINICAL ONCOLOGY,Oncology - Urology - Clinical,haem/onc
Cancer & Surgery Board,Cancer Services,Oncology,CLINICAL ONCOLOGY,Oncology - Head and Neck - Clinical,haem/onc
Cancer & Surgery Board,Cancer Services,Oncology,MEDICAL ONCOLOGY,Oncology - Skin - Medical,haem/onc
Cancer & Surgery Board,Cancer Services,Oncology,CLINICAL ONCOLOGY,Oncology - GI - Clinical,haem/onc
Cancer & Surgery Board,Cancer Services,Oncology,CLINICAL ONCOLOGY,Oncology - Neuro - Clinical,haem/onc
Cancer & Surgery Board,Cancer Services,Oncology,CLINICAL ONCOLOGY,Oncology - Lung - Clinical,haem/onc
Cancer & Surgery Board,Cancer Services,Oncology,CLINICAL ONCOLOGY,Oncology - Haematology Radiotherapy,haem/onc
Cancer & Surgery Board,Cancer Services,Oncology,CLINICAL ONCOLOGY,Oncology - Breast - Clinical,haem/onc
Cancer & Surgery Board,Cancer Services,Oncology,CLINICAL ONCOLOGY,Oncology - Skin - Clinical,haem/onc
Cancer & Surgery Board,Cancer Services,Oncology,PHYSIOTHERAPY,Oncology - Lymphoedema,haem/onc
Cancer & Surgery Board,Cancer Services,Oncology,CLINICAL ONCOLOGY,Oncology - Radiotherapy,haem/onc
Cancer & Surgery Board,Cancer Services,Oncology,MEDICAL ONCOLOGY,Oncology - CUP,haem/onc
Cancer & Surgery Board,Cancer Services,Oncology,PALLIATIVE MEDICINE,Oncology - Palliative Care,haem/onc
Cancer & Surgery Board,Cancer Services,Oncology,PALLIATIVE MEDICINE,Palliative Care - Symptom Control,haem/onc
Cancer & Surgery Board,Cancer Services,Proton Beam Therapy,CLINICAL ONCOLOGY,Proton Beam Therapy - Treatment,haem/onc
Cancer & Surgery Board,Cancer Services,Proton Beam Therapy,CLINICAL ONCOLOGY,Proton Beam Therapy - Review,haem/onc
Cancer & Surgery Board,Cancer Services,Radiotherapy,CLINICAL ONCOLOGY,Radiotherapy - Treatment,haem/onc
Cancer & Surgery Board,Gastrointestinal,Gastrointestinal Surgery,GENERAL SURGERY,General Surgery - General,surgical
Cancer & Surgery Board,Gastrointestinal,Gastrointestinal Surgery,COLORECTAL SURGERY,General Surgery - Lower GI,surgical
Cancer & Surgery Board,Gastrointestinal,Gastrointestinal Surgery,ENDOCRINE SURGERY SERVICE,General Surgery - Endocrine,surgical
Cancer & Surgery Board,Gastrointestinal,Gastrointestinal Surgery,UPPER GASTROINTESTINAL SURGERY,General Surgery - Upper GI,surgical
Cancer & Surgery Board,Gastrointestinal,Obesity Services,BARIATRIC SURGERY SERVICE,General Surgery - Bariatric Surgery,surgical
Cancer & Surgery Board,Gastrointestinal,Obesity Services,BARIATRIC SURGERY SERVICE,General Surgery - Bariatric Medicine,surgical
Cancer & Surgery Board,Gastrointestinal,Obesity Services,BARIATRIC SURGERY SERVICE,General Surgery - Bariatric Dietetics,surgical
Cancer & Surgery Board,Gastrointestinal,Obesity Services,BARIATRIC SURGERY SERVICE,General Surgery - Bariatric Psychology,surgical
Cancer & Surgery Board,Gastrointestinal,Vascular Services,VASCULAR SURGERY,General Surgery - Vascular,surgical
Cancer & Surgery Board,Imaging,Imaging,INTERVENTIONAL RADIOLOGY,Interventional Radiology - General,surgical
Cancer & Surgery Board,Surgical Specialties,Head and Neck,MAXILLO-FACIAL SURGERY,Head and Neck - OMFS,surgical
Cancer & Surgery Board,Surgical Specialties,Head and Neck,ENT,Head and Neck - ENT,surgical
Cancer & Surgery Board,Surgical Specialties,Thoracic Surgery,THORACIC SURGERY,Thoracic Surgery,surgical
Cancer & Surgery Board,Surgical Specialties,Trauma & Orthopaedics,TRAUMA & ORTHOPAEDICS,Orthopaedics - Lower Limb,surgical
Cancer & Surgery Board,Surgical Specialties,Trauma & Orthopaedics,TRAUMA & ORTHOPAEDICS,Orthopaedics - Trauma,surgical
Cancer & Surgery Board,Surgical Specialties,Trauma & Orthopaedics,TRAUMA & ORTHOPAEDICS,Orthopaedics - Upper Limb,surgical
Cancer & Surgery Board,Surgical Specialties,Trauma & Orthopaedics,TRAUMA & ORTHOPAEDICS,Orthopaedics - Foot & Ankle,surgical
Cancer & Surgery Board,Surgical Specialties,Trauma & Orthopaedics,SPORT AND EXERCISE MEDICINE,Orthopaedics - Sports & Exercise Medicine,surgical
Cancer & Surgery Board,Surgical Specialties,Trauma & Orthopaedics,TRAUMA & ORTHOPAEDICS,Orthopaedics - Complex Hip,surgical
Cancer & Surgery Board,Surgical Specialties,Trauma & Orthopaedics,TRAUMA & ORTHOPAEDICS,Orthopaedics - Hip & Knee,surgical
Cancer & Surgery Board,Surgical Specialties,Urology,UROLOGY,Urology - General,surgical
Cancer & Surgery Board,Surgical Specialties,Urology,UROLOGY,Urology - Andrology,surgical
Cancer & Surgery Board,Surgical Specialties,Urology,UROLOGY,Urology - Stones,surgical
Cancer & Surgery Board,Surgical Specialties,Urology,UROLOGY,Urology - Prostate Focal,surgical
Cancer & Surgery Board,Surgical Specialties,Urology,UROLOGY,"Urology - Female, Functional and Restorative (FFR)",surgical
Cancer & Surgery Board,Surgical Specialties,Urology,UROLOGY,Urology - Oncology Robotic,surgical
Cancer & Surgery Board,Surgical Specialties,Urology,UROLOGY,Urology - Renal Cancer,surgical
Cancer & Surgery Board,Surgical Specialties,Urology,UROLOGY,Urology - Reconstruction,surgical
Cancer & Surgery Board,Surgical Specialties,Urology,UROLOGY,Urology - Superficial Bladder Cancer,surgical
Cancer & Surgery Board,Surgical Specialties,Urology,CLINICAL PSYCHOLOGY,Urology - Psychology,surgical
Medicine Board,Clinical Support,Therapies & Rehabilitation,DIETETICS,Dietetics - Neurogastroenterology,medical
Medicine Board,Clinical Support,Therapies & Rehabilitation,DIETETICS,Dietetics - Head and Neck,medical
Medicine Board,Clinical Support,Therapies & Rehabilitation,DIETETICS,Dietetics - Gastroenterology,medical
Medicine Board,Clinical Support,Therapies & Rehabilitation,ORTHOTICS,Orthotics - UCH,medical
Medicine Board,Clinical Support,Therapies & Rehabilitation,DIETETICS,Dietetics - General,medical
Medicine Board,Critical Care,Critical Care,CRITICAL CARE MEDICINE,Critical Care - UCH T03 ICU,medical
Medicine Board,Critical Care,Critical Care,CRITICAL CARE MEDICINE,Critical Care - GWB L01 ICU,medical
Medicine Board,Critical Care,Critical Care,CRITICAL CARE MEDICINE,Critical Care - UCH T06 PACU,medical
Medicine Board,Critical Care,Critical Care,CRITICAL CARE MEDICINE,Critical Care - ICU Westmoreland Street,medical
Medicine Board,Emergency Services,Accident & Emergency,ACCIDENT & EMERGENCY,Accident & Emergency,medical
Medicine Board,Emergency Services,Acute Medicine,GENERAL MEDICINE,Acute Medicine,medical
Medicine Board,Emergency Services,Acute Medicine,ACCIDENT & EMERGENCY,Acute Medicine - Ambulatory,medical
Medicine Board,Emergency Services,Acute Medicine,GENERAL MEDICINE,Integrated Operations - Community Homeless Healthcare,medical
Medicine Board,Infection,Infection,INFECTIOUS DISEASES,Infectious Diseases,medical
Medicine Board,Infection,Infection,TROPICAL MEDICINE,Tropical Medicine - General,medical
Medicine Board,Infection,Infection,INFECTIOUS DISEASES,Infectious Diseases - COVID-19 Medicines Delivery,medical
Medicine Board,Infection,Infection,INFECTIOUS DISEASES,Infectious Diseases - RESPOND,medical
Medicine Board,Infection,Infection,INFECTIOUS DISEASES,Infectious Diseases - Find and Treat,medical
Medicine Board,Infection,Infection,TROPICAL MEDICINE,Tropical Medicine - Dermatology,medical
Medicine Board,Medical Specialties,Care Of the Elderly,GERIATRIC MEDICINE,Geriatric Medicine - General,medical
Medicine Board,Medical Specialties,Care Of the Elderly,GERIATRIC MEDICINE,Geriatric Medicine - Acute,medical
Medicine Board,Medical Specialties,Care Of the Elderly,GERIATRIC MEDICINE,Geriatric Medicine – Falls,medical
Medicine Board,Medical Specialties,Care Of the Elderly,GERIATRIC MEDICINE,Geriatric Medicine - Orthopaedics,medical
Medicine Board,Medical Specialties,Care Of the Elderly,GERIATRIC MEDICINE,Geriatric Medicine – Movement disorders,medical
Medicine Board,Medical Specialties,Clinical Pharmacology,CLINICAL PHARMACOLOGY,Pharmacology,medical
Medicine Board,Medical Specialties,Dermatology,DERMATOLOGY,Dermatology – Melanoma,medical
Medicine Board,Medical Specialties,Dermatology,DERMATOLOGY,Dermatology – General Adult,medical
Medicine Board,Medical Specialties,Dermatology,DERMATOLOGY,Dermatology – Specialist Cancer,medical
Medicine Board,Medical Specialties,Diabetes & Endocrinology,ENDOCRINOLOGY,Endocrinology - General,medical
Medicine Board,Medical Specialties,Diabetes & Endocrinology,ENDOCRINOLOGY,Endocrinology - Thyroid,medical
Medicine Board,Medical Specialties,Diabetes & Endocrinology,DIABETIC EDUCATION SERVICE,Diabetes - Education,medical
Medicine Board,Medical Specialties,Neurophysiology (Medical Specialties),CLINICAL PHYSIOLOGY,Medical - Physiology,medical
Medicine Board,Medical Specialties,Respiratory Medicine,RESPIRATORY MEDICINE,Respiratory - General,medical
Medicine Board,Medical Specialties,Respiratory Medicine,RESPIRATORY MEDICINE,Respiratory - Interventional Bronchoscopy,medical
Medicine Board,Medical Specialties,Respiratory Medicine,RESPIRATORY MEDICINE,Respiratory - Lung Cancer,medical
Medicine Board,Medical Specialties,Respiratory Medicine,RESPIRATORY MEDICINE,Respiratory - ILD,medical
Medicine Board,Medical Specialties,Respiratory Medicine,RESPIRATORY MEDICINE,Respiratory - Complex Infection,medical
Medicine Board,Medical Specialties,Respiratory Medicine,POST-COVID-19 SYNDROME SERVICE,Respiratory - Post COVID,medical
Medicine Board,Medical Specialties,Respiratory Medicine,RESPIRATORY MEDICINE,Respiratory - Pleural Disease,medical
Medicine Board,Medical Specialties,Retained Cardiology,CARDIOLOGY,Cardiology - General,medical
Medicine Board,Medical Specialties,Retained Cardiology,CONGENITAL HEART DISEASE SERVICE,Cardiology - Congenital Heart,medical
Medicine Board,Medical Specialties,Retained Cardiology,CARDIOLOGY,Cardiology - Cardio-Oncology,medical
Medicine Board,Medical Specialties,Rheumatology,RHEUMATOLOGY,Rheumatology - General,medical
Medicine Board,Medical Specialties,Rheumatology,RHEUMATOLOGY,Rheumatology - Lupus,medical
Medicine Board,Medical Specialties,Rheumatology,RHEUMATOLOGY,Rheumatology - Pain,medical
Medicine Board,Medical Specialties,Rheumatology,RHEUMATOLOGY,Rheumatology - Upper limb,medical
Medicine Board,Medical Specialties,Rheumatology,RHEUMATOLOGY,Rheumatology - Early Inflammatory Arthritis,medical
Specialist Hospitals Board,Paed and Adolescent,Children & Young Peoples Cancer,PAEDIATRIC MEDICAL ONCOLOGY,Paediatric - Oncology,paediatric
Specialist Hospitals Board,Paed and Adolescent,Children & Young Peoples Cancer,PAEDIATRIC CLINICAL HAEMATOLOGY,Paediatric - Haematology,paediatric
Specialist Hospitals Board,Paed and Adolescent,Children & Young Peoples Cancer,BLOOD AND MARROW TRANSPLANTATION,Paediatric - Blood & Marrow Transplantation,paediatric
Specialist Hospitals Board,Paed and Adolescent,Children & Young Peoples Cancer,PAEDIATRIC CLINICAL HAEMATOLOGY,Haematology - CAR-T Paediatric,paediatric
Specialist Hospitals Board,Paed and Adolescent,Children & Young Peoples Cancer,PAEDIATRIC MEDICAL ONCOLOGY,CYPCS - Sarcoma,paediatric
Specialist Hospitals Board,Paed and Adolescent,Children & Young Peoples Cancer,PAEDIATRIC MEDICAL ONCOLOGY,CYPCS - Neuro-Oncology,paediatric
Specialist Hospitals Board,Paed and Adolescent,Children & Young Peoples Cancer,PAEDIATRIC MEDICAL ONCOLOGY,Paediatric - Proton Beam Therapy,paediatric
Specialist Hospitals Board,Paed and Adolescent,General Paediatrics,PAEDIATRICS,Paediatric - General,paediatric
Specialist Hospitals Board,Paed and Adolescent,General Paediatrics,PAEDIATRIC RESPIRATORY MEDICINE,Paediatric - Respiratory Medicine,paediatric
Specialist Hospitals Board,Paed and Adolescent,General Paediatrics,PAEDIATRIC EPILEPSY,Paediatric - Epilepsy,paediatric
Specialist Hospitals Board,Paed and Adolescent,General Paediatrics,PAEDIATRIC INFECTIOUS DISEASES,Paediatric - Infectious Diseases,paediatric
Specialist Hospitals Board,Paed and Adolescent,General Paediatrics,PAEDIATRIC CLINICAL IMMUNOLOGY AND ALLERGY SERVICE,Paediatric - Allergy General,paediatric
Specialist Hospitals Board,Paed and Adolescent,General Paediatrics,PAEDIATRIC CLINICAL IMMUNOLOGY AND ALLERGY SERVICE,Paediatric - Allergy Asthma,paediatric
Specialist Hospitals Board,Paed and Adolescent,General Paediatrics,PAEDIATRICS,Paediatric - Genitourinary,paediatric
Specialist Hospitals Board,Paed and Adolescent,General Paediatrics,PAEDIATRICS,Paediatric - Safeguarding,paediatric
Specialist Hospitals Board,Paed and Adolescent,General Paediatrics,CHILD and ADOLESCENT PSYCHIATRY,CYPPS - Psychiatry,paediatric
Specialist Hospitals Board,Paed and Adolescent,General Paediatrics,OCCUPATIONAL THERAPY,Paediatric - Occupational Therapy,paediatric
Specialist Hospitals Board,Paed and Adolescent,General Paediatrics,PAEDIATRICS,Paediatric - Assessment Unit,paediatric
Specialist Hospitals Board,Paed and Adolescent,Paediatric Diabetes,PAEDIATRIC DIABETIC MEDICINE SERVICES,Paediatric - Diabetes,paediatric
Specialist Hospitals Board,Paed and Adolescent,Paediatric Endocrinology,PAEDIATRIC ENDOCRINOLOGY,Paediatric - Endocrinology,paediatric
Specialist Hospitals Board,Paed and Adolescent,Paediatric Surgery,PAEDIATRIC UROLOGY,Paediatric - Urology,paediatric
Specialist Hospitals Board,Paed and Adolescent,Paediatric Surgery,PAEDIATRIC SURGERY,Paediatric - Surgery,paediatric
Specialist Hospitals Board,Paed and Adolescent,Paediatric Surgery,PAEDIATRIC MAXILLO-FACIAL SURGERY,Paediatric - Maxillo-Facial Surgery,paediatric
Specialist Hospitals Board,Paed and Adolescent,Paediatric Surgery,PAEDIATRIC TRAUMA AND ORTHOPAEDICS,Paediatric - Orthopaedic Surgery,paediatric
Specialist Hospitals Board,Paed and Adolescent,Paediatric Surgery,PAEDIATRIC TRAUMA AND ORTHOPAEDICS,Paediatric - Trauma,paediatric
Specialist Hospitals Board,Queen Square,Diagnostic & Support,NEUROLOGY,Neurology - Prion,medical
Specialist Hospitals Board,Queen Square,Diagnostic & Support,CLINICAL NEUROPHYSIOLOGY,Neurology - Neuro-Genetics,medical
Specialist Hospitals Board,Queen Square,Neurology,NEUROLOGY,Neurology - General,medical
Specialist Hospitals Board,Queen Square,Neurology,NEUROLOGY,Neurology - Neuromuscular,medical
Specialist Hospitals Board,Queen Square,Neurology,NEUROLOGY,Neurology - Movement Disorders,medical
Specialist Hospitals Board,Queen Square,Neurology,NEUROLOGY,Neurology - Epilepsy General,medical
Specialist Hospitals Board,Queen Square,Neurology,NEUROLOGY,Neurology - Multiple Sclerosis,medical
Specialist Hospitals Board,Queen Square,Neurology,NEUROLOGY,Neurology - Cognitive Disorders,medical
Specialist Hospitals Board,Queen Square,Neurology,NEUROLOGY,Neurology - Headache (complex),medical
Specialist Hospitals Board,Queen Square,Neurology,NEUROLOGY,Neurology - Degenerative,medical
Specialist Hospitals Board,Queen Square,Rehab & Stroke,STROKE MEDICINE,Neurology - General Stroke,medical
Specialist Hospitals Board,Queen Square,Rehab & Stroke,SPECIALIST REHABILITATION SERVICE,Neurology - Rehabilitation,medical
Specialist Hospitals Board,Queen Square,Rehab & Stroke,NEUROLOGY,Neurology - Complex Stroke,medical
Specialist Hospitals Board,Queen Square,Rehab & Stroke,STROKE MEDICINE,Neurology - Young Stroke,medical
Specialist Hospitals Board,Queen Square,Rehab & Stroke,NEUROLOGY,Neurology - Traumatic Brain Injury,medical
Specialist Hospitals Board,Queen Square,Rehab & Stroke,SPECIALIST REHABILITATION SERVICE,Neurology - Spasticity,medical
Specialist Hospitals Board,Queen Square,Specialist Services,NEUROLOGY,Neurology - Autonomics,medical
Specialist Hospitals Board,Queen Square,Specialist Services,NEUROLOGY,Neurology - Neuromuscular Complex Care Centre,medical
Specialist Hospitals Board,Queen Square,Specialist Services,NEUROLOGY,Neurology - Uro-Neurology,medical
Specialist Hospitals Board,Queen Square,Specialist Services,NEUROLOGY,Neurology - Neuro Ophthalmology,medical
Specialist Hospitals Board,Queen Square,Specialist Services,NEUROLOGY,Neurology - Neuro-Oncology,medical
Specialist Hospitals Board,Queen Square,Specialist Services,PAIN MANAGEMENT,Pain Management - Complex Pain,medical
Specialist Hospitals Board,Queen Square,Specialist Services,CRITICAL CARE MEDICINE,Critical Care - NHNN MITU,medical
Specialist Hospitals Board,Queen Square,Specialist Services,NEUROPSYCHIATRY SERVICE,Neurology - Neuro-Psychiatry,medical
Specialist Hospitals Board,Queen Square,Specialist Services,INHERITED METABOLIC MEDICINE SERVICE,Neurology - Inherited Metabolic Diseases,medical
Specialist Hospitals Board,Queen Square,Specialist Services,PAIN MANAGEMENT,Pain Management - General,medical
Specialist Hospitals Board,Queen Square,Specialist Services,NEUROLOGY,Neurology - Neuro-Otology,medical
Specialist Hospitals Board,Queen Square,Specialist Services,CLINICAL PSYCHOLOGY,Neurology - Neuropsychology,medical
Specialist Hospitals Board,RNENT & EDH,Adult ENT,ENT,ENT - General,surgical
Specialist Hospitals Board,RNENT & EDH,Adult ENT,ENT,ENT - Ears,surgical
Specialist Hospitals Board,RNENT & EDH,Adult ENT,ENT,ENT - Nose,surgical
Specialist Hospitals Board,RNENT & EDH,Adult ENT,ENT,ENT - Throat,surgical
Specialist Hospitals Board,RNENT & EDH,Adult ENT,ENT,ENT - Voice,surgical
Specialist Hospitals Board,RNENT & EDH,Allergy,ALLERGY SERVICE,Allergy - Rhinology,surgical
Specialist Hospitals Board,RNENT & EDH,Allergy,CLINICAL IMMUNOLOGY,Clinical Immunology,surgical
Specialist Hospitals Board,RNENT & EDH,Cochlear Implants,ENT,Auditory Implants – Adult,surgical
Specialist Hospitals Board,RNENT & EDH,Paediatric Dentistry,PAEDIATRIC DENTISTRY,Dental - Paediatrics,paediatric
Specialist Hospitals Board,RNENT & EDH,Dental Medicine Specialties,DENTAL MEDICINE SPECIALTIES,Dental - Special Care,surgical
Specialist Hospitals Board,RNENT & EDH,Oral Surgery,ORAL SURGERY,Dental - Oral Surgery/OMFS,surgical
Specialist Hospitals Board,RNENT & EDH,Orthodontics,ORTHODONTICS,Dental - Orthodontics,surgical
Specialist Hospitals Board,RNENT & EDH,Paediatric ENT,PAEDIATRIC EAR NOSE AND THROAT,Paediatric ENT - General,paediatric
Specialist Hospitals Board,RNENT & EDH,Paediatric ENT,PAEDIATRIC EAR NOSE AND THROAT,Paediatric ENT - Ears,paediatric
Specialist Hospitals Board,RNENT & EDH,Paediatric ENT,PAEDIATRIC EAR NOSE AND THROAT,Paediatric ENT - Throat,paediatric
Specialist Hospitals Board,RNENT & EDH,Paediatric ENT,PAEDIATRIC EAR NOSE AND THROAT,Paediatric ENT - Nose,paediatric
Specialist Hospitals Board,RNENT & EDH,Restorative Dentistry,RESTORATIVE DENTISTRY,Dental - Endodontics,surgical
Specialist Hospitals Board,RNENT & EDH,Restorative Dentistry,RESTORATIVE DENTISTRY,Dental - HNC Dentistry,surgical
Specialist Hospitals Board,RNENT & EDH,Sleep Service,RESPIRATORY PHYSIOLOGY,ENT - Sleep/Snoring,surgical
Specialist Hospitals Board,Women's Health,Breast,BREAST SURGERY,Breast Surgery,surgical
Specialist Hospitals Board,Women's Health,Gynaecology,GYNAECOLOGY,Gynaecology - General,surgical
Specialist Hospitals Board,Women's Health,Gynaecology,GYNAECOLOGICAL ONCOLOGY,Gynaecology - Oncology,surgical
Specialist Hospitals Board,Women's Health,Gynaecology,GYNAECOLOGY,Gynaecology - Endometriosis,surgical
Specialist Hospitals Board,Women's Health,Gynaecology,GYNAECOLOGY,Gynaecology - Complex Mesh,surgical
Specialist Hospitals Board,Women's Health,Gynaecology,GYNAECOLOGY,Gynaecology - Urogynaecology,surgical
Specialist Hospitals Board,Women's Health,Gynaecology,GYNAECOLOGY,Gynaecology - RMU,surgical
Specialist Hospitals Board,Women's Health,Gynaecology,GYNAECOLOGY,Gynaecology - Colposcopy,surgical
Specialist Hospitals Board,Women's Health,Gynaecology,GYNAECOLOGY,Gynaecology - Emergency Care,surgical
Specialist Hospitals Board,Women's Health,Gynaecology,CLINICAL PSYCHOLOGY,Gynaecology - Clinical Psychology - General,surgical
Specialist Hospitals Board,Women's Health,Gynaecology,GYNAECOLOGY,Gynaecology - Menopause,surgical
Specialist Hospitals Board,Women's Health,Gynaecology,GYNAECOLOGY,Gynaecology - Enhanced Recovery,surgical
Specialist Hospitals Board,Women's Health,Gynaecology,GYNAECOLOGY,Gynaecology - Fertility,surgical
Specialist Hospitals Board,Women's Health,Gynaecology,GYNAECOLOGY,Gynaecology - Diagnostic Ultrasound,surgical
Specialist Hospitals Board,Women's Health,Gynaecology,CLINICAL PSYCHOLOGY,Gynaecology - Clinical Psychology Oncology,surgical
Specialist Hospitals Board,Women's Health,Gynaecology,GYNAECOLOGY,Gynaecology - Fertility Lab,surgical
Specialist Hospitals Board,Women's Health,Gynaecology,GYNAECOLOGY,Gynaecology - Endocrine,surgical
Specialist Hospitals Board,Women's Health,Maternity,OBSTETRICS,Obstetrics - Antenatal,surgical
Specialist Hospitals Board,Women's Health,Maternity,OBSTETRICS,Obstetrics - Birth,surgical
Specialist Hospitals Board,Women's Health,Maternity,MIDWIFERY SERVICE,Obstetrics - Postnatal,surgical
Specialist Hospitals Board,Women's Health,Maternity,OBSTETRICS,Obstetrics - Medical Complications,surgical
Specialist Hospitals Board,Women's Health,Maternity,FETAL MEDICINE SERVICE,Obstetrics - Fetal Medicine,surgical
Specialist Hospitals Board,Women's Health,Maternity,OBSTETRICS,Obstetrics - Still Birth,surgical
Specialist Hospitals Board,Women's Health,Neonates,NEONATOLOGY,Neonatal,surgical
